{
  "data": "Bahia /@",
  "bahia_arroba": 455.0,
  "bahia_kg": 30.333333333333332,
  "bahia_saca": 1820.0,
  "para_arroba": -3.19,
  "para_kg": -0.21266666666666667,
  "para_saca": -12.76,
  "ultima_atualizacao": "2025-09-19T16:53:06.879851"
}